dx_id	name	created_by	created
project-FpVG0G84X7kzq58g19vF1YJQ	001_Staging_Area52	user-jwahn	2020-04-24
project-G9b4xY84Bg75yP5X4fPGqzyg	002_220425_A01303_0064_AH3WH7DRX2_CEN	user-ykim	2022-04-28
project-G6jGkX84kj49v7gk4J16V078	003_211208_b38_dias	user-mohammedn	2021-12-08
project-G86K7XQ4jKXPgK4Z8Zj585Zj	003_220216_helios_v1.0.3_VEP_testing	user-spaul4	2022-02-16
project-G9kK7pQ4Gz54PkjG4y3zZ38y	002_220503_A01303_0065_AH3WHNDRX2_MYE	user-aishadahir	2022-05-04
project-G9Q2B8843VxFBb9Y4j3PJ0g6	004_220420_VEP_Workbooks_v1	user-toutoua	2022-04-20
project-G9k5Pv04xYkg2X9j37K5BxQp	004_athena_v1.4.0_testing	user-jethror1	2022-05-04
project-G97PGQj4fqQ0k395Fkzg8Bg4	004_vcf_handler_app_2.6.0_testing	user-emee_genetics_ark	2022-04-07
project-G86J9xQ400v5Fq365QK0FGx9	002_220216_vaf_checks_TWE	user-jethror1	2022-02-16
project-G9b8YPj4x5v94z0k4VPFGZQ5	002_220425_A01313_0063_BH7GGVDMXY_TWE	user-toutoua	2022-04-28
project-G9YvKz04zG2g2Jy40zVqpgfg	004_220426_eggd_somalier_testing	user-mohammedn	2022-04-26
project-G7XZXv04vFvjXk2BKv2FbKY3	002_220114_A01303_0053_AH577JDMXY_TWE	user-sophier	2022-01-17
project-G710xKQ4kv2yGV5z5PgKkkPY	002_211220_A01295_0040_AHV52VDRXY_CEN	user-toutoua	2021-12-21
project-G8BVjPj4kZP65yj3KPy3PQB9	002_220222_vaf_checks_CEN	user-garnerm	2022-02-22
project-Fkb6Gkj433GVVvj73J7x8KbV	001_Reference	user-jwahn	2020-03-12
project-G1gbJ3048k0yzP545gppfVgV	003_210407_A01303_0007_AH5VMTDRXY_BCL2FASTQ2	user-sophier	2021-04-08
project-G9gQYJ040X8GppGq4Q2kqyGB	002_220429_A01295_0093_BH3WJYDRX2_TSO500	user-toutoua	2022-05-01
project-G8Zyfyj4F2KfxXX04vgQbF1Y	003_220310_eggd_generate_workbook_v2.0.0_testing	user-jethror1	2022-03-10
project-G9bqygj4p95kxF1Q4VZ2v645	002_220428_A01295_0092_AH3WKKDRX2_CEN	user-ykim	2022-04-29
project-G2Y0BFj4xX2f1kKp5QbP7VJX	002_210520_iScan-data	user-garnerm	2021-05-20
project-G95QpQQ49K6fjk6YPg4yvb2z	001_Staging_Area54	user-jwahn	2022-04-04
project-FykvvJj4qyvb74pQFG3J21qZ	003_201117_Aisha_AppTraining	user-aishadahir	2020-11-17
project-Fq1yVVj41zg7Gkz38K60KfxP	003_200519_Myeloid	user-ykim	2020-05-19
project-G8KJ7x84q42xKQJ95Fx2P7ZJ	003_220228_sWGS	user-ykim	2022-02-28
project-G8GJ1B04JJ5vQp3VGB47y06X	002_220225_vaf_checks_TSOE	user-jethror1	2022-02-25
project-G9B0BxQ480P03FjxBGFfz04k	002_220408_A01295_0082_AH332CDRX2_MYE	user-jethror1	2022-04-11
project-G6Pkb384qPGBfY9P6B33Qgxx	003_sophie_paul_workspace	user-spaul4	2021-11-25
project-Fq80F0840JGP2K8B4B0BPVbz	002_200507_K00178_0259_AHGGCKBBXY_clinicalgenetics	user-garnerm	2020-05-28
project-G8jV97849y7yzxJf5Zxkj5bk	003_220315_happy_v1.1.0	user-aishadahir	2022-03-15
project-G0g7zkQ4fzbxpKJxPgVkx6J8	002_210202_K00178_0307_BHKNTLBBXY	user-toutoua	2021-02-18
project-G9Z23bQ41bQbGFZxP8jqF3y1	003_220426_uranus_v1.10.0_testing	user-aishadahir	2022-04-26
project-G9PBB2j45Bk17VVp0vByvJ5p	002_220414_A01295_0085_BH2W27DRX2_CEN	user-toutoua	2022-04-19
project-G6F6Y9Q4ZgbbJPBq21XBBbX2	003_211118_uranus_v1.9.0_testing	user-jethror1	2021-11-18
project-G9J7J684q6Kzf0QVGQX3JV8K	002_220414_A01295_0084_AH2VWVDRX2_TSO500	user-toutoua	2022-04-16
project-G9G1jPQ4vyJ0j6075Qpq9GkK	003_220414_dias_batch_running_v1.9.0	user-ykim	2022-04-14
project-Fy6pg3847XjfYPKj25827gP6	002_201001_K00178_0286_BHJTTLBBXY_clinicalgenetics	user-ykim	2020-10-19
project-G9FKYPQ4kBX36YFX155g2v39	004_220413_Dias_b38	user-mohammedn	2022-04-13
project-G92fv504kzV4240b3jzyxB27	004_220331_eggd_somalier_relate2multiqc_v1.0.2_testing	user-mohammedn	2022-03-31
project-FzyfP204Z5qXBp6696jG5g10	003_210112_CNVcalling	user-sophier	2021-01-12
project-G1J61k040VVv8v0XKqB9Q8x7	002_210318_K00178_0317_AHLFH2BBXY_clinicalgenetics	user-toutoua	2021-03-23
project-G9P7qV04PYV9Jp4k5VQYy51x	002_220413_M03595_0376_000000000-K7644_SNP	user-kjwinfield	2022-04-19
project-G39XyP040vK2pXbb5879KqQ4	002_210614_K00178_0332_BHLKCWBBXY_clinicalgenetics_TSOE	user-toutoua	2021-06-23
project-G5YBbX8468bx5Q5QJQPQ7QYQ	003_211013_GRCh38-decoys	user-mohammedn	2021-10-13
project-G6KKkXj49B6150x6F2bQK788	003_211123_Sentieon_3_testing	user-mohammedn	2021-11-23
project-FqqZJ2044K3jX8bq3gY6xbj8	002_200522_K00178_0262_BHGL3CBBXY_clinicalgenetics	user-garnerm	2020-06-27
project-G9FFVKQ4GzQ1kfjx2JjVv8Fy	002_220411_A01295_0083_BH5WJHDMXY_TWE	user-toutoua	2022-04-13
project-G9B06xQ4543zy86jFVPGBq30	002_220407_A01295_0080_AH333YDRX2_CEN	user-aishadahir	2022-04-11
project-G2VBGQj4ZVGXQ86VBVqJzB3k	002_210517_egg4_dias_WES_config_v1.0.2	user-garnerm	2021-05-17
project-G2JBKVQ4fFJXK7539BXyP8kg	003_210511_A01295_0009_BH3TJFDRXY_WES-validation1	user-sophier	2021-05-11
project-G2JFKx0469j04kZBG7jqkk4G	003_210511_WES-Dias-config	user-garnerm	2021-05-11
project-G2QZ9jj4yk410Q0V83g0pfFV	003_210511_A01295_0009_BH3TJFDRXY_WES-validation1_analysis	user-garnerm	2021-05-16
project-G8jzpbj48YGZXkQz5k29vzjf	004_220311_A01295_0066_AH3FWMDRX2_MYE_new_capture_run1	user-aishadahir	2022-03-16
project-G7Y9zpj4kFXF78JjFgj70q3V	003_220118_TWE-popAF	user-garnerm	2022-01-18
project-G983V4847FF4PYXx1Y8xv762	003_220408_dx-find-test	user-garnerm	2022-04-08
project-G8v9g4j4VVpG02Fj5f8BKQVK	003_220321_dias_qc	user-aishadahir	2022-03-21
project-G7yV5kj44JfqvF65FG5KJ0vJ	003_220204_Haemonc_requests	user-aishadahir	2022-02-04
project-G91X1404fVkvpK9bPPzpXzBV	003_220318_A01295_0071_BH332KDRX2_PC	user-toutoua	2022-03-29
project-G1Kq5Kj4vvkY02f929p0bj22	002_180604_K00178	user-toutoua	2021-03-26
project-G3zvK604x7134xG60699bFV1	002_210723_K00178_0337_BHLKFJBBXY_MYE	user-aishadahir	2021-07-27
project-Fx9Y0y04pZ0K1zbJ69b747XQ	002_200710_K00178_0269_AHH757BBXY_clinicalgenetics	user-garnerm	2020-09-05
project-Fxpyf7j40JgJVvgp5ZxFfQp3	002_160629_160701_NS500192	user-toutoua	2020-10-01
project-G1KpVq04BJ5ZG7BY36XPx18j	002_170814_170816_NS500192_171109_K00178	user-toutoua	2021-03-26
project-G1KpPzj4X0F0KxGz0KZP6y2G	002_170721_170724_NS500192	user-toutoua	2021-03-26
project-FxqP6V849GzJ5jy3B0v0Z4B3	002_170310_170313_NS500192	user-toutoua	2020-10-02
project-FxqP7v84VBQF17qvB6B6YfV9	002_170324_170327_NS500192	user-toutoua	2020-10-02
project-Fx2Y4jj4k2Y2f0f9FJg60xbK	002_150526_150528_NS500192	user-ykim	2020-08-25
project-G1zJF9j4XXjV00j5JVJvfQqP	002_160922_K00178	user-ykim	2021-04-20
project-G1qQ8Z04JKFfqPY94bVzv9J5	002_170710_NS500192_170712_NB501067	user-toutoua	2021-04-14
project-Fy23P8j4FQ5K3Vv7G9gzZZ17	002_150216_150218_NS500192	user-ykim	2020-10-12
project-G39PKv049kG3zJfk5710vzyb	002_210618_K00178_0333_AHLK7GBBXY_MYE	user-aishadahir	2021-06-23
project-G0z6Xv84z9BBfgKg4YX7fBjX	002_161202_161205_NS500192	user-ykim	2021-03-02
project-Fzf9zq04BKbYp3k717qBPj97	002_161207_161209_NS500192	user-toutoua	2020-12-30
project-Fvz6vbQ45yK1VyfJ9Vvzp97x	002_170421_170424_NS500192	user-ykim	2020-08-20
project-Fyg909Q4yZ29K1zyFQjYKxQ1	002_160212_160215_NS500192	user-ykim	2020-11-13
project-FxqP9KQ4YjyKjPfkJ2k5X32K	002_170814_170816_NS500192	user-toutoua	2020-10-02
project-Fyxpbz04k47BQxj3KqxpKq61	002_180116_K00178	user-ykim	2020-11-23
project-Fy4ggJ84Q7kp6YF78Qg2Bykp	002_180209_K00178	user-toutoua	2020-10-16
project-FxqPGQQ4Q1jxVvgp5ZxFjjYz	002_171024_171026_NS500192	user-toutoua	2020-10-02
project-FvpVyxQ41x9f2f3XJXYB0q1k	002_150914_NB501067_150914_NS500192	user-ykim	2020-08-13
project-G2gvQ4Q4P5X20gGgJ20pYjBX	002_210524_K00178_0329_AHLK5YBBXY_MYE	user-jwahn	2021-05-27
project-G1vjGJ04bfyPQk849Qy66zqb	002_210409_K00178_0322_AHLFKVBBXY	user-ccharalambous	2021-04-16
project-G03Q7jj4fFxKj0J33g49kZ4f	002_180323_K00178	user-ykim	2021-01-19
project-G3698f84Jy90kp8fGGVZgKv9	002_210614_K00178_0332_BHLKCWBBXY_MYE	user-ccharalambous	2021-06-18
project-G1Kq2bQ4JBg0gVkFF50J1JX3	002_171103_171106_NS500192	user-toutoua	2021-03-26
project-G1Kq4j04pVKyz2zbJ2JQb3P1	002_180306_K00178	user-toutoua	2021-03-26
project-FyyYz9047V77X4YX2gyFxb2F	002_161128_161130_NS500192	user-toutoua	2020-11-24
project-G1gK7b041y509BgY3kpZG6KJ	002_180509_Îš00178	user-toutoua	2021-04-08
project-G1gK0B047xV6341ZPX48j9GK	002_160329_160331_NS500192	user-toutoua	2021-04-08
project-G1Gzk6j4pXFXqQj57pxvG8V7	002_210318_K00178_0317_AHLFH2BBXY	user-ccharalambous	2021-03-23
project-FxppKB042pJ3FZj1081K4qbV	002_180529_K00178	user-toutoua	2020-10-01
project-G02k6084jK6Yb5VK8xK58X9J	002_180410_K00178	user-ykim	2021-01-18
project-Fx36K6j469vpQYfF3ffpGygj	002_170818_170821_NS500192_171109_K00178	user-ykim	2020-08-26
project-FxqP8YQ419p5BYF5P4xqgbV4	002_170510_170512_NS500192	user-toutoua	2020-10-02
project-G03QQx04PK5KPz8bJg49z1xg	002_151130_151202_NS500192	user-ykim	2021-01-19
project-G03JBJQ4JkzbgXkyPp8zv12J	002_170127_170130_NS500192	user-toutoua	2021-01-19
project-G1qQK6Q493PyzBzfP1KY4bbZ	002_170330_170403_NS500192	user-toutoua	2021-04-14
project-G1p3zf847bppG9KP5vkBjfzQ	002_150724_NB501067_150724_NS500192	user-toutoua	2021-04-12
project-G3jb38Q41fKYgXJQ9ff5q24J	002_210709_K00178_0335_AHLKG2BBXY_MYE	user-aishadahir	2021-07-16
project-FxQ9GG04pZZ5VQVQK823pyB3	002_200727_K00178_0273_AHGW2YBBXY_clinicalgenetics	user-ykim	2020-09-15
project-G2J7YzQ4kvKzxPvzFZ6pv3JG	002_210414_A01295_0011_BH7HVHDRXY_MYE	user-ccharalambous	2021-05-11
project-G38pXVQ4PFVJB1vj29p51GKF	003_Novaseq_validation_Uranus	user-ccharalambous	2021-06-22
project-Fx8K0304Vpy9G95X4qqX85GJ	002_200813_K00178_0275_AHGVYLBBXY_clinicalgenetics	user-ykim	2020-09-03
project-FqpyV3Q43VgjpQ3FBZgK9qKf	002_200604_K00178_0264_BHGW25BBXY_clinicalgenetics	user-garnerm	2020-06-26
project-G0zbzy84xj4xk5jj4zG9ZKXp	002_210226_K00178_0313_AHKN37BBXY_clinicalgenetics	user-toutoua	2021-03-03
project-G0pX4V84bkF82XQ89FXYqQ4j	002_210212_K00178_0311_AHKMK2BBXY_clinicalgenetics	user-toutoua	2021-02-23
project-Fvg86J849k238qJzJ4Jy26vF	002_200723_K00178_0271_AHH5LCBBXY_clinicalgenetics	user-garnerm	2020-08-08
project-FqpyP4849k475xgp1zp0zfGq	002_200604_K00178_0263_AHGLFVBBXY_clinicalgenetics	user-garnerm	2020-06-26
project-FqpyXX84Jp7Z271V81gvg9jq	002_200619_K00178_0267_AHGW7TBBXY_clinicalgenetics	user-garnerm	2020-06-26
project-FqpyX1Q4yQxxGGX63gk5Zj19	002_200611_K00178_0266_AHGVYHBBXY_clinicalgenetics	user-garnerm	2020-06-26
project-Fy46F3j4FxJzzjzV7ZFP5Xbq	003_201015_dias_batch_debug	user-garnerm	2020-10-15
project-G2fzj6047fPXYy0KGqv36xVV	002_210517_M03595_0328_000000000-JMFTH_FHC	user-garnerm	2021-05-26
project-G2g1x6Q44Y482v8VGZfGz6zk	003_210526_FH-contamination-investigation	user-garnerm	2021-05-26
project-Fv84q784xFQxZjgG3fP2Y1BG	002_200710_K00178_0270_BHH5K5BBXY_clinicalgenetics	user-garnerm	2020-07-16
project-Fvg8Bqj4vk6Q1k4g3Zqxpf92	002_200723_K00178_0272_BHH7CCBBXY_clinicalgenetics	user-garnerm	2020-08-08
project-G196bVQ4GF2VgqZx971ZpjKz	002_210312_K00178_0316_BHLFGCBBXY_clinicalgenetics	user-garnerm	2021-03-17
project-G1kV0f84GpK37pb7PZ2YBy8P	002_210401_K00178_0321_AHLFKYBBXY_clinicalgenetics	user-toutoua	2021-04-11
project-G0Zj96Q42PQgk7891FZq8kg9	002_210118_K00178_0305_AHKMMTBBXY_clinicalgenetics	user-garnerm	2021-02-14
project-Fz31G2Q4J9JPxy4y8B5V0Zpg	002_201123_K00178_0298_AHK72MBBXY_clinicalgenetics	user-sophier	2020-12-01
project-Fy6pgK04qvFY38kY7pv17yx0	002_201009_K00178_0287_BHJY27BBXY_clinicalgenetics	user-ykim	2020-10-19
project-G0pV1qQ49V7ZJjGqGQ5z72zJ	003_210223_dias_batch_running_v1.4.2	user-ykim	2021-02-23
project-FyFB76j4ZyzqbfYZ1pBJZ58B	002_201016_K00178_0290_AHJWWHBBXY_clinicalgenetics	user-ykim	2020-10-26
project-FxQFpvj4P4pQGVjV1jbpJf8X	002_200910_K00178_0279_BHH5WKBBXY_clinicalgenetics	user-ykim	2020-09-15
project-FxbQ1XQ4fXqfXQ4x25QQ8Jvj	002_200918_K00178_0281_AHH5G5BBXY_clinicalgenetics	user-ykim	2020-09-23
project-FyFB8Z84138V75FBKY7j19vj	002_201016_K00178_0291_BHJTYNBBXY_clinicalgenetics	user-ykim	2020-10-26
project-Fx96xBj4zpjP540x7g801JQG	002_200821_K00178_0276_BHH7CKBBXY_clinicalgenetics	user-garnerm	2020-09-04
project-G5fg0p04020pjQqpBPqzB2Fy	002_211013_A01303_0032_BHLF3JDRXY_CEN	user-aishadahir	2021-10-18
project-G95Gpjj4z4FG2F2j9XvxGv39	002_220330_A01295_0076_BHC3LHDMXY_TWE	user-ykim	2022-04-04
project-G95G5G04JbZFP2B7BkFbqfBf	002_220404_vaf_checks_TSOE	user-garnerm	2022-04-04
project-G91X7504bVB2809Q0YjVv4kX	002_220328_A01295_0074_BH3V5FDRX2_CEN	user-ykim	2022-03-29
project-G8gZjX04xQYV9q053G0yZjPv	002_220311_A01295_0065_BH32LWDRX2_CEN	user-aishadahir	2022-03-14
project-G920zvQ4X0g4X1BGKyPqg4pF	002_220328_A01295_0075_AH3T3VDRX2_MYE	user-aishadahir	2022-03-30
project-G80P6zj4K7jPVGqY4BFv5GXP	002_220204_A01295_0053_BHYKH3DRXY_CEN	user-toutoua	2022-02-07
project-G8Y3FfQ4F9GqbV938vYXxkkF	003_220307_VAF_discrepancies_MYE	user-aishadahir	2022-03-07
project-G91X2yj4G315168qP74v9VPJ	003_220316_A01295_0069_BH333TDRX2_PC	user-toutoua	2022-03-29
project-G8PYXf04Yby9Z0xF2QKgxFfb	002_220214_A01295_0055_AH5CH2DMXY_TWE	user-aishadahir	2022-03-02
project-G86F2x04zk8x6yF88fQjFf29	002_220214_A01303_0060_AHYLKVDRXY_CEN	user-aishadahir	2022-02-16
project-G8xZV3j454GzZj85K67XKjQ6	002_220321_M03595_0374_000000000-KBH6H_SNP	user-jethror1	2022-03-23
project-G8xKV404JJPkVY7v38X6f623	002_220321_A01295_0072_AH3325DRX2_MYE	user-jethror1	2022-03-23
project-G8jzYJ04ff6xv7JXBv5559v3	003_220315_A01295_0067_AH332GDRX2_TSO500	user-toutoua	2022-03-16
project-G8j6ZX84JF9yqqqP50Gp9qF5	003_220315_panel_docker	user-ykim	2022-03-15
project-G8x16Qj4J3y97bvV75Y8v0Jz	002_220321_A01295_0073_BH32NYDRX2_CEN	user-toutoua	2022-03-22
project-G80Z5f84Xp9GV2Xg2Pyf96Qb	003_220207_opencga_metadata_testing	user-jethror1	2022-02-07
project-G5YPJZj4574zvxkVJqQPvvvY	002_211012_A01303_0031_AHL5T7DRXY_TWE	user-pyattc	2021-10-13
project-G6v87p8436p9Z1FY9Xyp7yYg	002_211213_A01303_0048_AH5CJNDMXY_TWE	user-pyattc	2021-12-14
project-G64ZbqQ4QKkf51JF2Bv31zv7	003_211110_ansible monitoring_v1.0_testing	user-jason_l	2021-11-08
project-G8kVZjQ4Yb94Y52z69FgFyKy	004_220311_A01295_0066_AH3FWMDRX2_MYE_new_capture_samples_only	user-aishadahir	2022-03-17
project-G8p8X204GvBY0qPq5Kqp69fJ	002_220316_A01295_0068_AH7H2GDMXY_TWE	user-aishadahir	2022-03-18
project-G8pjG18461kJyv50576Vjvxz	002_220319_vaf_checks_TSOE	user-garnerm	2022-03-19
project-Fq9zgF84PfFbz08k9y7G5K05	002_200522_K00178_0261_AHGGFMBBXY_clinicalgenetics	user-garnerm	2020-05-31
project-G8GQjJQ4GfF7bX84472YPfk2	004_220217_A01295_0056_AHYKG7DRXY_MYE_new_capture_samples_only	user-aishadahir	2022-02-25
project-G6xj3bj49F5XkFG8PPGVf6BK	002_211203_A01303_0044_BHLWV7DRXY_TWE	user-mohammedn	2021-12-16
project-G5XXyY84XjQPZKJfKX0ZQZpz	003_211012_zetta-shared-project	user-garnerm	2021-10-12
project-G1vfpY04VyF095XQ1p5ZxBg6	002_210409_K00178_0322_AHLFKVBBXY_clinicalgenetics	user-toutoua	2021-04-16
project-G194zXj4b0ZfB9v1JBZbf6gg	002_210312_K00178_0315_AHL5GMBBXY_clinicalgenetics	user-garnerm	2021-03-17
project-G1X5jK04vykJk0Pq14XB0Zjb	002_210326_K00178_0319_AHLFNNBBXY_clinicalgenetics	user-toutoua	2021-03-31
project-G0pXf3j4vpqYg0J0GYYY9g15	002_210219_K00178_0312_BHKMTYBBXY_clinicalgenetics	user-toutoua	2021-02-23
project-FzkP968489gzbKZP0xj0FZ0v	002_201223_K00178_0302_BHK5YLBBXY_clinicalgenetics	user-sophier	2021-01-04
project-FzK9zqQ4B8JZq1KP2g0Q5gP2	002_201210_K00178_0300_AHK5Y3BBXY_clinicalgenetics	user-aishadahir	2020-12-18
project-Fz31Q584Jq78Z05QG9686f3B	002_201123_K00178_0299_BHK7FJBBXY_clinicalgenetics	user-aishadahir	2020-12-01
project-FyqvqP04BJqQg4jKKZ6Q58ZF	002_201029_K00178_0294_BHK737BBXY_clinicalgenetics_repeat	user-ykim	2020-11-20
project-Fyxy1q040P8f4jBJ5By1674G	002_201112_K00178_0295_AHK72KBBXY_clinicalgenetics	user-ykim	2020-11-23
project-Fyg6b184G2Vvkgv6927gbJbZ	002_201029_K00178_0293_AHJY3FBBXY_clinicalgenetics	user-ykim	2020-11-13
project-Fy6pgXj4GVFqjpyq3XfVPB3g	002_201009_K00178_0288_AHJTTFBBXY_clinicalgenetics	user-ykim	2020-10-19
project-FxbQ20Q4xq8gxY9x6vkZqZ7F	002_200918_K00178_0282_BHH73MBBXY_clinicalgenetics	user-ykim	2020-09-23
project-FxqV3Y046vX1Zb1yJ3zF5J88	002_200925_K00178_0284_BHH73TBBXY_clinicalgenetics	user-ykim	2020-10-02
project-FqxVPB8470V2pYFgPBk8zyG1	002_200619_K00178_0268_BHGWC5BBXY_clinicalgenetics	user-garnerm	2020-06-30
project-FxPj9y04pgbK23zgP6272545	002_200910_K00178_0278_AHH5J3BBXY_clinicalgenetics	user-ykim	2020-09-14
project-FvbzbX84gG9Z3968BJjxYZ1k	001_Staging_Area53	user-jwahn	2020-08-06
project-G72v2F04GBPp2q79286j96Fp	002_211222_A01295_0041_BHLWK5DRXY_TWE	user-toutoua	2021-12-24
project-G8F401j47ZF1B9728BZJPX0q	003_220217_A01295_0056_AHYKG7DRXY_MYE_new_capture_run1	user-jethror1	2022-02-23
project-G6Jf4gQ4z2f181P17jB4B892	002_211118_A01295_0036_AH5CK3DMXY_TWE	user-ykim	2021-11-22
project-G8gb5PQ4yf8ggZV615jGjZGk	002_220311_A01295_0066_AH3FWMDRX2_MYE	user-aishadahir	2022-03-14
project-Fkvqzbj4K09vvzv7JF26J3YK	003_200324_DiasDev	user-garnerm	2020-03-24
project-Fp6xXQ84XpVy7gFyKqf0zfB4	003_200408_Exome	user-jwahn	2020-04-08
project-FpKPvbj4xVXKJ52GF1ppzy4Z	003_200420_WESBakeoff	user-garnerm	2020-04-20
project-G8ZvGz045PB63pB17Q3jVKz4	002_220308_M03595_0373_00000000-K75VG_SNP	user-kjwinfield	2022-03-10
project-G7YGB0Q4Qyjyfxy4165Jk6G1	003_220118_test_eggd_tso500reporter	user-spaul4	2022-01-18
project-G52602j4yPzK2BxF4gzZx6Y5	003_210917_nimagen_GEL_vcf	user-ccharalambous	2021-09-17
project-G621FbQ4ZXq6jJjF210Jypy5	003_211104_htslib	user-sophier	2021-11-04
project-G8Z7b584XPQGky596f2835K8	002_220307_A01295_0064_BH32Y5DRX2_MYE	user-aishadahir	2022-03-09
project-G8YX2JQ4290Q53KB285p3jqQ	002_220304_A01295_0063_AH7TFVDMXY_TWE	user-toutoua	2022-03-08
project-G8Yj0JQ4ykZz3Y5q9K7FJzbP	003_220308_CodeSchool_Databases	user-toutoua	2022-03-08
project-G7G0P7Q4fbKbKvQ65bqpKz5p	003_220107_vaf-check	user-jethror1	2022-01-07
project-G6xpXfQ4yq7kPkX9PJ1YvgFp	003_211215_A01295_0039_AHMYK7DRXY_CEN	user-pyattc	2021-12-16
project-G3qG7z8492B9Kv2FG249X1vZ	002_210716_A01303_0013_BHFVFLDRXY_TWE	user-toutoua	2021-07-20
project-G7qzQY84vv3FQKXPJY9zG33j	002_220131_vaf_checks	user-jethror1	2022-01-31
project-G8XXxx04vy5Zf5xF3KJ471Z6	002_220306_vaf_checks_CP	user-garnerm	2022-03-06
project-G8XX2v04pX5jPv5076jB6vKX	002_220119_M03595_0365_000000000-K6YMC_CP	user-garnerm	2022-03-06
project-G8QJyv04jy6Fk9gj3j5xpPBb	002_220301_A01295_0061_AHYKNGDRXY_MYE	user-jethror1	2022-03-03
project-G8BQb284jJ9VfFb1Bx4jqF79	002_220221_A01295_0058_BHYK7LDRXY_CEN	user-ykim	2022-02-22
project-G8KGKP04Z6X8vQ1155zqZ3FF	002_220301_A01295_0062_BHYKG5DRXY_CEN	user-toutoua	2022-02-28
project-G46233846XkJK3QjKx44kf2Q	003_210805_SWGLH_TSO500	user-jwahn	2021-08-05
project-G7kJqx84JpX0kfjfBF5QKp9k	003_220127_CEN-TS-mosaics	user-garnerm	2022-01-27
project-G7yg0Z84Qk8pY306Bp3VQvfK	002_220202_A01295_0051_BH55NGDMXY_TWE	user-toutoua	2022-02-04
project-G8K8Qz84860GpXKf3yx5kgjy	002_220223_A01295_0059_AH5YL5DMXY_TWE	user-ykim	2022-02-28
project-G8PZ7y04FJYV5KkPJxB9FVfZ	002_220224_M03595_0371_000000000-K728J_SNP	user-jethror1	2022-03-02
project-G8KK0g84XvqF81pyGK5xqf1j	003_220223_A01295_0060_BHYKJ3DRXY_TSO500	user-spaul4	2022-02-28
project-G7B3P004z0y8JbyPJ2Z7015F	003_220104_popaf-check	user-garnerm	2022-01-04
project-G7QbZZj4k8bY18F42zvVF7vb	003_220114_vcf2xls_v1.6.3	user-ykim	2022-01-14
project-G7Kjxp84K23z0kkjFXQ53v2p	003_220111_vcf2xls_v1.6.2	user-ykim	2022-01-11
project-G72k7b046jqxQqqY24yX8v8k	003_211224_dias_reports_v1.3.0	user-aishadahir	2021-12-24
project-G7K3K3j4yB9P0kkjFXQ4yqjy	003_220110_zetta_upload	user-toutoua	2022-01-10
project-G75QFbQ4Q94xVk5j111Vb1py	003_211228_vcf2xls-v1.6.1	user-garnerm	2021-12-28
project-G7P9p6j4JVPZFzGQBYFPxGQp	003_220112_dias_reports_v1.3.3	user-ykim	2022-01-12
project-G89kGX847q49XQJY42pVZKvV	003_220218_A01295_0057_AHYJYVDRXY_TSO500	user-spaul4	2022-02-21
project-FpG6k2Q4g59bZJ0z15XzByFY	003_200416_multiqc	user-sophier	2020-04-16
project-G8GG3pj4p75Q57QG4PYf8bB5	002_220225_vaf_checks_FH	user-jethror1	2022-02-25
project-G2BVpG0406xxyjpx0Y93K3q4	003_210507_TelomerecatDev	user-pyattc	2021-05-07
project-G87z5J848493Q7vP9PXQ4Qzg	002_220217_A01295_0056_AHYKG7DRXY_MYE	user-aishadahir	2022-02-18
project-G7yQ6084k8jzVGqY4BFv09Xv	003_220204_dias_reports_v1.4.0	user-aishadahir	2022-02-04
project-G85607j4FqGJJz8q5yyxk5P0	003_220214_vcf2xls_v2.0.0_development	user-jethror1	2022-02-14
project-G6k0VZj4Fb9GZkVb7PPxkpvK	003_211209_VEP+vcf2xls	user-ykim	2021-12-09
project-G6kYg904q4fJ5K684Fk4fFxG	003_211209_A01303_0046_AHMYJJDRXY_TSO500	user-jay_miles	2021-12-10
project-G7X25qQ4P0j51q5PK3yQXqK7	002_220116_vaf-check-inputs	user-garnerm	2022-01-16
project-G25XFV84pv7QJ50bP8XBf5b5	003_210429_Bioinformatics_Rotation	user-toutoua	2021-04-29
project-Fv0zp2j4vFQ1P38X2Kgxy5qz	003_200706_STP_Rotation	user-toutoua	2020-07-05
project-FvPGVF04gFQYB3gQ8BB8gK0V	003_200727_Bam2fqs	user-ykim	2020-07-27
project-G0g5F184QX5jX1xx5j43GGGX	003_210212_K00178_0311_AHKMK2BBXY2	user-jwahn	2021-02-18
project-Fp1V5684VkKy0p7K1PYfX7pv	003_200331_TSO500_development	user-jwahn	2020-03-31
project-G10QFjj4x321v8yf4y82fK4b	003_210304_tso500_run6_7_data	user-jethror1	2021-03-04
project-G1v9ygj4YfF060Bk4Qx3jg6v	003_210415_TSO500_coverage_for_Jon	user-pyattc	2021-04-15
project-Fy6ffk840vZb0G4X8Yfy871F	003_201019_dias_batch_running_v1.5.0	user-ykim	2020-10-19
project-G1f85kj4bj7qKp8q0bz07pkj	003_210406_myeloid_annotation	user-garnerm	2021-04-06
project-G23P1kj4jZZ7XG0GFx9V59pf	003_210426_TSO500_DNAnexus_testing	user-toutoua	2021-04-26
project-Fv28zZQ4pgK1G8883KF254VY	003_200707_StarFusionDocker	user-jwahn	2020-07-07
project-G1kQy2Q4fP7xy3qjJfX4Z0Pj	003_210407_A01295_0010_AHWL5GDRXX_TSO500	user-toutoua	2021-04-11
project-G2q1P7841zbkyYG6GV95v4gk	003_210528_A01295_0012_AH3FNNDRXY_TSO500	user-toutoua	2021-06-01
project-G12z5784yyf90gXZPQ7Vf9Y6	003_210308_vcf2xls_panel_ops	user-ykim	2021-03-08
project-G27J46Q4JPFF0zXqKVY7z3kb	003_210502_vcf2xls_v1.4.1	user-ykim	2021-05-02
project-FyXXbvQ4vQpqBK23B2vPjfVV	003_201106_Aisha_SexCheck	user-garnerm	2020-11-06
project-G0VppjQ4qpQy6y7vBB74g1bK	003_210210_dias_batch_running_1.5.2	user-ykim	2021-02-10
project-G19Vjfj4Pv4V7xq38BJ6v0vJ	003_210318_dias_batch_running_v1.5.3	user-sophier	2021-03-18
project-G1VJy304xppfbg9P9Jy5yGgV	003_210330_dias_batch_running_1.5.5	user-ykim	2021-03-30
project-G19YpvQ48B77BP8Y9jB8F1qf	003_210315_A01295_0009_BH3TJFDRXY_WES	user-sophier	2021-03-18
project-FxByJZQ4KqkP7Z39JqbbZXb6	003_200907_100k_JSONs	user-jethror1	2020-09-07
project-G1f8y5Q4GYZvY1y44Y30P84J	003_210406_VEP	user-jwahn	2021-04-06
project-G24XQzj4K95fG9Xj4fxBv5xQ	003_210420_M03595_0323_000000000-JKFBK	user-toutoua	2021-04-28
project-G29G0qj476XgXJzx3zJzKvXv	003_210505_FH-QC	user-garnerm	2021-05-05
project-Fv6xqV04P7xbqg3k08JY5JjZ	003_200713_M03595_0289_000000000-J57VT_FH-Validation-Run3	user-toutoua	2020-07-14
project-Fq37P984PFX505413bg4779f	003_210520_region_coverage	user-garnerm	2020-05-21
project-Fzp7bK04J7BvBjJb906zYxK0	003_210105_Cgppindel	user-ccharalambous	2021-01-05
project-FzyfvG840XgvqQzJB3GV96Vq	002_210112_Myeo_validation_BAMs	user-ccharalambous	2021-01-12
project-G0G2KVj4x19VQK4g78f6x0zK	003_210201_eggd_nirvana_GRCh38	user-garnerm	2021-02-01
project-G0K12y84Yk229JZx3b2jQxYb	003_210104_bedtools	user-garnerm	2021-02-04
project-G61q9984YjYk6G7XJ5V59ZZB	003_211104_uranus-v1.8-testing	user-jethror1	2021-11-04
project-G3X3fQj4ZFVQQz0VP1gPYg8g	003_210621_TS0500_Polishing	user-toutoua	2021-07-06
project-G2JBvZ84FY694Zb341ZgF281	003_210511_A01303_0007_AH5VMTDRXY_WES-validation2	user-sophier	2021-05-11
project-G2XY3kj4Xbk99FVZ48b1Y6Pp	003_210519_uranus_training	user-ccharalambous	2021-05-19
project-Fp2zPJQ4yYYVxyb04Pbzzvvx	003_191210_Myeloid	user-ykim	2020-04-02
project-Fp2zVpj4Y1fZZ3165Z91qkZ7	003_191216_Myeloid	user-ykim	2020-04-02
project-FpZpZY04QB5j1YgFGjyx3184	003_200429_SomaticReferenceData	user-jwahn	2020-04-29
project-G005ZY04jY1JG7zk291pPXvj	003_200114_novaseq_run_upload	user-jethror1	2021-01-14
project-G07zJYQ4G3YB808K1GFJ6FvQ	003_201223_K00178_0302_BHK5YLBBXY2_clinicalgenetics	user-jwahn	2021-01-26
project-Fyq45fj4k21YxkX6PJYG7PbZ	003_201119_vcf2xls-v1.3.1	user-ykim	2020-11-19
project-G2P3yP04k4KfyB4z2xX8zJ1y	003_210514_region_coverage_v1.0.5	user-ykim	2021-05-14
project-FqPbG004G56kZ01v2PkjFGYZ	003_200609_OpenCB_Upload	user-ykim	2020-06-09
project-Fp2BBgj4zYg5Y9G14YQPyzgp	003_200401_Hap.py	user-sophier	2020-04-01
project-Fpb77Bj4g7v4B8GPKPxjvVby	003_200430_DiasBatch	user-garnerm	2020-04-30
project-Fv3JJfQ45p2526483gfG93Gq	003_200703_M03595_0286_000000000-J57LL_FH-Validation-Run1	user-garnerm	2020-07-09
project-FvQgF704QvxQb0zGPY23XGp6	002_200729_FH_Validation_bams	user-toutoua	2020-07-29
project-G0pKvZj4yb26vXky7gKp1P24	003_210223_vcf2xls_v1.2.5	user-ykim	2021-02-23
project-FxGBBv841pxqF15gG79byFQz	003_200909_dias-1.3.2	user-ykim	2020-09-09
project-Fkp9vjj4YFK078JQ4pyb5Qy0	003_200317_Cancer	user-ykim	2020-03-20
project-Fq1Bz604bjg6FkBp83g527fF	003_200518_FH_FLEX_1-48	user-garnerm	2020-05-18
project-G2QVKzQ4PyFgQxBy5p66kgv0	003_210511_A01303_0007_AH5VMTDRXY_WES-validation2_analysis	user-garnerm	2021-05-16
project-G46YVfQ4zq2QxJg1BVF5PXv3	003_210804_A01303_0016_BHGKH2DRXY	user-toutoua	2021-08-06
project-G59Jp1Q4YXxg36gX4zY1bkqx	003_210928_CP0446_testing	user-ykim	2021-09-28
project-G2qb9204qf9Q3jV01x2Y7xjp	003_210602_old-sample-analysis	user-emee_genetics_ark	2021-06-02
project-G5KqjGj4PjqFF5V6J2ffBz2B	003_211006_dias_v1.8.0	user-ykim	2021-10-06
project-Fv3Jvx84QxQxxzb56vqvyPzZ	003_200706_M03595_0287_000000000-J5BRV_FH-Validation-Run2	user-garnerm	2020-07-09
project-G40xJfj48GZy4XZZ4J8PjjjZ	002_210727_M03595_0338_000000000-JPJYT_FH	user-toutoua	2021-07-28
project-G4xZPq84Gb44Qjy4KqYqf7Q3	003_210910_Myeloid_contamination_investigations	user-ccharalambous	2021-09-10
project-G3BxX6Q4y42fqBgK3x0jbGZP	003_210625_CP_Quality	user-toutoua	2021-06-25
project-G18GJX048P1V30JV4GjPvpJq	003_210316_generate_bed_v1.1.0	user-ykim	2021-03-16
project-G4J3QfQ4jJX8gz6X8G7q2ZJP	003_210812_A01295_0017_AH7J77DRXY_MYE	user-ccharalambous	2021-08-16
project-G0VBvz0410kFZVx6JypZQVZg	003_210209_ansible_dev	user-jethror1	2021-02-09
project-G17XZj84J4XfBzkGBf5qpfB0	003_210315_generate_g2t_v1.0.0	user-ykim	2021-03-15
project-G1j7Fq04YPkB7pb67Z1VYkPy	003_210409_HIV_genome	user-pyattc	2021-04-09
project-G28bgyQ41PG1xKy762jFQgvZ	003_210504_generate_bed_v1.1.2	user-ykim	2021-05-04
project-FpBvzfj4zY0X2f9z2Jy78pVy	003_200414_HGMD_Data_RELEASE_2020.1	user-jwahn	2020-04-14
project-G5PPFy04YV76XYXJ4xyqz9Vp	003_211007_DIAS-TSC	user-garnerm	2021-10-07
project-G2bp63j4GJF38pxx14X9x12x	003_210524_egg1_config_v1.0.1	user-ykim	2021-05-24
project-G5JGy8Q4zBZq8vJpKZK3Y1P4	003_211004_Dias-NEMO	user-garnerm	2021-10-04
project-G401YB04JxJf188pK4xPpfX8	003_210727_diasreport_v1.2.1_Aisha	user-aishadahir	2021-07-27
project-G40bp484xFP38BJ881358683	003_210728_dias_batch_running_v1.7.0	user-ykim	2021-07-28
project-Fvz0Y504xxyQ6PfPF3gP9Xy5	003_200814_NB501067_0089_AH7KFHAFX2_clinicalgenetics	user-garnerm	2020-08-20
project-FpbGyV84QyG3zBK6KgjVfXXJ	003_200430_Carmelina	user-jwahn	2020-04-30
project-G3pp6v84BVvBfjYGGJgyQ3qY	003_210708_A01303_0012_AHFTNHDRXY_TWE_troubleshooting	user-garnerm	2021-07-19
project-G34q1B04jXqk4K5g9ZjqG3Zg	003_210616_WES-troubleshooting	user-garnerm	2021-06-16
project-G2z73vj47Y4G0V5kJbkyYqPv	003_210607_updaterunfolders-v1.0.3	user-garnerm	2021-06-07
project-G41xVvQ4KB2V0Gb88k86Kqx4	003_210728_A01303_0015_BH33CYDRXY_MYE	user-ccharalambous	2021-07-30
project-G583Vf04vky283kvKyVZ0ppy	003_210926_nirvana-error	user-garnerm	2021-09-26
project-G5BggKQ4VQ3zq3yqPFFZz501	003_210930_uranus-v1.7-testing	user-jethror1	2021-09-30
project-G57Y7404P225G1041x9f2qkK	003_210925_TP53_variant	user-jwahn	2021-09-25
project-G4jG78049GbGkFQp4JQggF9b	003_210902_KASP-vcfs	user-garnerm	2021-09-02
project-G195PV8472G99K1V9FfB8ZYZ	003_210317_ansible_transfers	user-garnerm	2021-03-17
project-Fv6p8fQ43B0K267q3fZf3G13	003_200922_vcf_annotator-v1.0.0	user-ykim	2020-07-14
project-G5P1pJj47KzYQ4P810fJ93Y6	003_211004_A01303_0028_BHL7CCDRXY_TWE	user-toutoua	2021-10-06
project-G66KKZ04vf1pzZ0K4XVY328Q	003_211110_A01295_0033_AHLHC5DRXY_TSO500	user-toutoua	2021-11-11
project-G3Kv5fj47zVY68vq6YJYKjx7	003_210630_CP0437_Quality	user-ykim	2021-07-01
project-G6F1f584vB4bJPBq21XBB8JB	003_211117_A01303_0041_AHMYFHDRXY_TSO500	user-toutoua	2021-11-18
project-G49pV084GyyQppPb1j2395g0	003_210806_A01303_0017_AH3F7VDRXY_CEN	user-pyattc	2021-08-11
project-G4xfbXj45qPVGzXp1x9qY05B	003_210910_ticket_investigation	user-ykim	2021-09-10
project-G5Kqk8Q43Q0J8XP4J48ygPQ2	003_211006_vcf2xls_v1.5.2	user-ykim	2021-10-06
project-FqkY2y04J006k47f6J6GXxq4	003_210916_STP_Training	user-toutoua	2020-06-24
project-G6y6Jv84g0QZvZQ9P9BYgJPG	003_211217_megaqc_dev_data	user-jethror1	2021-12-17
project-G6F2k284Fgb5388bBq7fGZX7	003_211118_conductor_test	user-jethror1	2021-11-18
project-G6BJ9bj4ybfjPF7j6kK5PG9v	003_211117_code_school_dbsnp	user-ykim	2021-11-17
project-G54kkFQ43fyfZZGG2VbzQ9QV	003_210917_A01303_0023_BHKCMYDRXY_TSO500	user-jay_miles	2021-09-21
project-G6gg2Pj4yPzB22894kfXZbYK	003_211207_vcf_annotator_v1.0.0_v1.1.0	user-ykim	2021-12-07
project-G6kY1b84GFkqvFXY4GXB9vyb	003_211210_vcf2xls_v1.6.0	user-ykim	2021-12-10
project-G5f91PQ4f5QJGVkb7f5b616f	003_211015_A01303_0033_AHLGJVDRXY_TSO500	user-toutoua	2021-10-17
project-G6y5PXj4Kq43ZF2x5KKkp0zQ	003_211217_SNP_training	user-ccharalambous	2021-12-17
project-G03YG904Zfx78X6F4gZ53gYJ	002_190821_K00178_0211_AHCKCGBBXY_clinicalgenetics_proc	user-ykim	2021-01-19
project-Fxbf80848Fkbpq4f8442YGB5	003_200923_vcf2xls-v1.3.0	user-ykim	2020-09-23
project-FyQgzBQ4bZVzzxvjFV85ZZZ1	003_201103_dias_multi_reset-v1.0.0	user-ykim	2020-11-03
project-G6bZGpQ4fvvp497ZPQz6GybG	003_211204_popaf-check	user-garnerm	2021-12-04
project-G03Gbx84BxVQ34V7F8KBjqPK	003_210119_dias_batch_running_1.5.1	user-ykim	2021-01-19
project-FxVj84042V0Y6y2b62VZgvqq	003_200917_FH_Validation	user-toutoua	2020-09-17
project-G5K3B3j4P9J5J4GV9bfvGyxP	003_211004_A01295_0028_AHLF3HDRXY_TSO500	user-aishadahir	2021-10-05
project-G5697p84YV3xyf6j4byQG3zp	003_210920_VEP_TSO500	user-toutoua	2021-09-23
project-Fx4GpxQ456gBzQFb255gqbvP	003_200915_vcf2xls_v1.2.3	user-ykim	2020-08-28
project-Fz7kXF8418zJK0KbGq9qg3XK	002_171208_171211_NS500192	user-ykim	2020-12-08
project-G03BP684jkJ0vG8b6X5x6xbY	002_191015_K00178_0229_BHFGVGBBXY_clinicalgenetics_proc	user-ykim	2021-01-19
project-Fvz6q104F9xJJ9BF6y84pykJ	002_191002_K00178_0226_AHFG75BBXY_clinicalgenetics_proc	user-ykim	2020-08-20
project-FxjkjK04561gvQFv6fxZG1K3	003_200928_bam2fqs-v1.0.1	user-ykim	2020-09-28
project-Fpzv8yj4J0x6jvVB6bJy867X	003_200516_expected_depth	user-garnerm	2020-05-16
project-G3K48fQ4G95vQq2V2V1g81X3	002_171005_K00178	user-ykim	2021-06-30
project-G84J5Gj4XZqzQjZY84VBqj6X	002_220211_A01295_0054_AHYK2HDRXY_MYE	user-sophier	2022-02-13
project-G7vYpQ84GjpqFKVx0p1KV51B	002_220128_A01295_0050_BHLG2LDRXY_CEN	user-toutoua	2022-02-01
project-G834BGQ4YpF22yFvKK5xJj61	003_220211_dias_batch_running_v1.8.2	user-ykim	2022-02-11
project-G7kGP584V6PzpPgqJGpB37PK	002_220124_A01295_0048_AH52HGDMXY_TWE	user-ykim	2022-01-27
project-G7gvY884b0B3PbJ06QqVGq3K	003_220125_vcf2xls_v1.7.0	user-ykim	2022-01-25
project-G80Qv1Q408Q074k5Bb3V4Z5Q	002_220204_A01295_0052_AHYKHWDRXY_MYE	user-aishadahir	2022-02-07
project-Fyg6bz04zz1kK1zyFQjYKXfx	002_201029_K00178_0294_BHK737BBXY_clinicalgenetics	user-ykim	2020-11-13
project-FzkQ2604qjVV3zvP9yQy2vQ3	002_190925_K00178_0224_AHF2FNBBXY_clinicalgenetics_proc	user-ykim	2021-01-04
project-G2q35J84Q3v1485904v143Xv	002_210601_Old_Sample_Reanalysis	user-toutoua	2021-06-01
project-Fx7g1584Z61X4QBX051YQJb4	002_200810_K00178_0274_BHGW7MBBXY_clinicalgenetics	user-ykim	2020-09-02
project-G458J8j41xfYY1BX3bjgJVFz	002_210730_K00178_0338_AHLWGYBBXY_MYE	user-aishadahir	2021-08-04
project-G46Pfy04P48P793KGkJ270jF	002_210804_M03595_0340_000000000-JTGD4-FH	user-toutoua	2021-08-06
project-G3904084zqfz2yPk1p822y3k	002_210618_A01295_0013_AHCCL5DSX2_TWE	user-toutoua	2021-06-22
project-FzkY1j040PFB9K06KkBzp3v2	002_201223_K00178_0301_AHK5VKBBXY_clinicalgenetics_clinicalgenetics	user-aishadahir	2021-01-04
project-G493P7j423BQ56BB9vJF49k1	002_210806_A01303_0018_BHJ3CFDRXY_TWE	user-pyattc	2021-08-10
project-Fx96zj842gP2K91VFYb2f9F5	002_200827_K00178_0277_BHH7CTBBXY_clinicalgenetics	user-garnerm	2020-09-04
project-G3VKyBj46XbQ5GQV1304VYVK	002_210702_A01303_0011_BHFYVFDRXY_TWE	user-sophier	2021-07-05
project-G4KPf18494pVvV505vyP9zyZ	002_210813_K00178_0339_BHLV3FBBXY_MYE	user-aishadahir	2021-08-18
project-G48pY504VbGgkxP36Kb0Yx7J	002_210805_A01295_0016_BHHWWJDRXY_TWE	user-sophier	2021-08-09
project-G3K451Q4Bk6XYB165Z4b471Y	002_210625_K00178_0334_BHLFHJBBXY_MYE	user-sophier	2021-06-30
project-G20bZZ8433qGXgx925VGQX5G	002_210412_K00178_0323_BHLFFHBBXY_clinicalgenetics	user-ykim	2021-04-22
project-G4XBj3045vGk0b5V7FVYGgkV	002_210819_A01303_0019_AH7HVCDRXY_MYE	user-ccharalambous	2021-08-24
project-G4Jg0Bj4Kkq391PJ1zPFBjZQ	002_210625_K00178_0334_BHLFHJBBXY2_clinicalgenetics_TSOE	user-ykim	2021-08-17
project-G32q5g847BQ7B20v51Vz5jq8	002_210611_A01303_0009_AH3T7KDRXY_TWE	user-garnerm	2021-06-13
project-G3j1vzj4Ff05bkG6Gf41jj0v	002_210618_K00178_0333_AHLK7GBBXY2_clinicalgenetics_TSOE	user-toutoua	2021-07-15
project-G4zZpfj4Pv6vpFGVPK5qb0B4	002_210907_M03595_0345_000000000-JT9GK_FH	user-toutoua	2021-09-13
project-G50kXQj4xJfKJxvZBXxQ21vP	002_210915_b38-vcfs-rd-zetta-demo	user-garnerm	2021-09-15
project-G50B1Vj40KqBZKFk56xB0kgJ	002_210913_A01303_0021_AHGKJJDRXY_MYE	user-sophier	2021-09-14
project-G524vF84K5GZXZYk4bZpV7X7	002_210914_M03595_0347_000000000-JYFLF_FH	user-pyattc	2021-09-17
project-G48ZpjQ4kyvF68yGFpxkxqYb	002_210805_A01295_0015_AHJ3C7DRXY_TWE	user-sophier	2021-08-09
project-G4Vkv3Q4zFKqZVjJ6BbFx04q	002_210820_A01295_0019_AHHYVVDRXY_TWE	user-sophier	2021-08-23
project-G54xF184yK0xZVvq5K99G8Ff	002_210920_M03595_0349_000000000_JYDYJ_FH	user-ykim	2021-09-21
project-G4jYk2Q45xJpPq8v4V0qqPqG	002_210901_A01303_0020_AHJN5JDRXY_TWE	user-toutoua	2021-09-02
project-G2yGjf04z0q5ZpQb24f4kjXz	002_210604_A01303_0008_BH3Y7VDRXY_TWE	user-garnerm	2021-06-06
project-G3jZBg048YzYgXJQ9ff5q1FV	002_210709_K00178_0335_AHLKG2BBXY_clinicalgenetics_TSOE	user-ykim	2021-07-16
project-Fy9Bq3j4Fg865x2K2K7gVKqp	002_180131_K00178	user-ykim	2020-10-23
project-G4Vkp2j4Z8469514JYK8Q1Bg	002_210820_A01295_0018_BHKKHHDRXY_TWE	user-sophier	2021-08-23
project-G567qy84k3J736gX4zY1QFY1	002_210916_A01295_0026_AHGKMHDRXY_MYE	user-jethror1	2021-09-23
project-G4g2XvQ4P6ZQpXkqG3pp51j7	002_210826_A01295_0021_BHKGKGDRXY_MYE	user-aishadahir	2021-08-31
project-G4pzB0j4zqfFJ6vx4QYbQYj4	002_210903_A01295_0023_BHKGJ2DRXY_MYE	user-sophier	2021-09-06
project-G59YjF04Y2yzJFv894qZYPPZ	002_210923_A01303_0024_AHGKLWDRXY_MYE	user-jethror1	2021-09-28
project-FqJ1xy84y2kyXKY70kQKJJzZ	002_200605_CP	user-toutoua	2020-06-05
project-G5JKXGj4FP1VPKpKGYzp6FB5	002_211001_M03595_0352_000000000-K2FRN_FH	user-toutoua	2021-10-04
project-G5FVKqQ4kJf12b46K35b8Fq9	002_210930_M03595_0351_000000000_K2G53_CP	user-toutoua	2021-10-01
project-G5P1pY84Ypq0z4vy4p6bXzJj	002_211004_A01303_0027_AHL7C5DRXY_TWE	user-toutoua	2021-10-06
project-G4pqpK847YZgQ3gp4QZqYGGf	002_210903_A01295_0022_AHJNFJDRXY_TWE	user-toutoua	2021-09-06
project-G5Q6yBj4PZ5XvJJpF5JfpPk5	002_211007_A01295_0029_BHLFFKDRXY_MYE	user-aishadahir	2021-10-08
project-G5K5Q384zk9vZZqJPQ7BxgVY	002_210922_M03595_0350_000000000_K2GK2_CP	user-garnerm	2021-10-05
project-G4Yfj0Q4vFGgpQP2B9Q2xYkx	002_210823_M03595_0343_000000000-JT9GM_FH	user-sophier	2021-08-26
project-G5K2Pjj46x186F2fJf9pKFgX	002_210930_A01295_0027_AHJLCJDRXY_MYE-MISNAMED-SAMPLES-DO-NOT-USE	user-jethror1	2021-10-05
project-G5ZjyXQ4586Fy6xZ077yPPXx	002_210930_A01295_0027_AHJLCJDRXY_MYE	user-jethror1	2021-10-15
project-G5Q34Q04vZY7P4B3BF2K35Jf	002_211007_M03595_0353_000000000-K2FRB_CP	user-toutoua	2021-10-08
project-G50vpqj4g0Y79BQ94gQb6YpZ	002_210913_A01295_0024_AHL72CDRXY_TWE	user-pyattc	2021-09-15
project-G5fbY304PK5y49qv2vqBGj95	002_211014_A01295_0030_BHLCLJDRXY_MYE	user-sophier	2021-10-18
project-G5Zpqb844vj8k9ff3fZX7jgV	002_211014_M03595_0354_000000000-K2G6F_FH	user-toutoua	2021-10-15
project-G34zq204zF0F700YBf90QPGf	002_210609_K00178_0331_AHLK5LBBXY_clinicalgenetics_TSOE	user-toutoua	2021-06-16
project-Fy4j20j4B0YPXx0V553XFqvg	002_201016_750k_array_data_backup	user-sophier	2020-10-16
project-G3zpz0Q43K8g7KfzGY73gzyj	002_210723_A01303_0014_AHFW2TDRXY_TWE	user-sophier	2021-07-27
project-G5vpk5j426QbPZGY4p4kZg6x	002_211025_A01295_0032_AHLGF2DRXY_MYE	user-jethror1	2021-10-27
project-G5X3bGQ4XFG6xJf8FQXqXVGV	002_211008_A01303_0030_AHKTMYDRXY_TWE	user-pyattc	2021-10-11
project-G0pVyf044K0Jq7P057V3p5kp	002_210223_Genexus_backup	user-sophier	2021-02-23
project-G2bfPbj4Y0PY8pxx14X9vXjX	002_210518_K00178_0327_AHLFG5BBXY_clinicalgenetics	user-toutoua	2021-05-24
project-G634Ky04VG1FX36p8QQxXQyx	002_211103_M03595_0356_000000000-K2FPL_CP	user-garnerm	2021-11-06
project-G64QjF8466Q82vJ7P8kB1xjz	002_211105_A01303_0038_AHLCFLDRXY_MYE	user-aishadahir	2021-11-08
project-G60gxy0484fQ08B08fP9b5B1	002_211101_A01303_0036_BHLCM3DRXY_MYE	user-sophier	2021-11-02
project-G3gypB84pYjPzk8f86xgBx18	002_210708_A01303_0012_AHFTNHDRXY_TWE	user-ykim	2021-07-15
project-G50vqjj4042QvYYf4kbp8QvZ	002_210913_A01295_0025_BHL5L5DRXY_TWE	user-pyattc	2021-09-15
project-G67GvBj47bz7FGq7FZq69G33	002_211111_A01295_0034_BHLFW7DRXY_MYE	user-aishadahir	2021-11-12
project-G5ffz584gyp79YqJ8BbQjY1G	002_211015_A01303_0034_BHLWKTDRXY_TWE	user-aishadahir	2021-10-18
project-G6Jjypj4gz4611Qj0Y7gg811	002_211119_A01303_0042_AHMYM7DRXY_MYE	user-jethror1	2021-11-22
project-G6946J04y4FgXjP6Bx57yK36	002_211112_A01303_0040_BHLWHHDRXY_TWE	user-toutoua	2021-11-15
project-G0pQbyj41PXpKyGF8Kk6z77Y	002_210114_K00178_0303_AHK5YGBBXY_clinicalgenetics	user-toutoua	2021-02-23
project-G6XB1504Fv0p1Q44B0KYZjz6	002_211125_A01295_0037_AHMYNKDRXY_MYE	user-jethror1	2021-11-29
project-G4b2PJj4fyv532vYF3kVzx0f	002_210826_A01295_0020_AHKK3TDRXY_TWE	user-sophier	2021-08-28
project-G6bb21j4FJ6Vg25Z1Jk9qxkQ	002_211203_A01295_0038_AHTHVMDRXY_MYE	user-sophier	2021-12-04
project-G0pJggj45qJxX84V6g7gjzG1	002_210222_cluster_archive	user-sophier	2021-02-23
project-G6v7kk048vQvZkVb7PPy35jg	002_211210_A01303_0047_AHMYMKDRXY_MYE	user-ccharalambous	2021-12-14
project-G6941GQ4QVvgXjP6Bx57yJY9	002_211112_A01303_0039_AHLWLLDRXY_TWE	user-toutoua	2021-11-15
project-G7076bQ4QF3P359p6X8FY0k8	002_211217_A01303_0049_BHMYKHDRXY_MYE	user-pyattc	2021-12-20
project-G618GZQ4F21G2vg4FjKBGP2q	002_211101_A01303_0037_AH5257DMXY_TWE	user-sophier	2021-11-03
project-G6Y3XX84qZ9X4Z2KBf8pX4YX	002_210723_K00178_0337_BHLKFJBBXY_2_clinicalgenetics_TSOE	user-sophier	2021-11-30
project-G7622gj46936z5ZF24vvYXF4	002_211224_A01295_0043_AHV2T3DRXY_MYE	user-aishadahir	2021-12-29
project-G7K1pYj4f9X0qQz10vY9pgjP	002_220107_A01303_0052_AHV5VKDRXY_MYE	user-pyattc	2022-01-10
project-G7KbV904bPzz5y3yGjB8G7j9	002_220110_M03595_0363_000000000-K673F_SNP	user-pyattc	2022-01-11
project-G7KZpk04Vv0FZqgF7v8vxbqQ	002_220107_M03595_0362_000000000-K2GFP_SNP	user-pyattc	2022-01-11
project-G7Q08yj4j0kKGpYj4YpgQpYf	002_211215_A01295_0039_AHMYK7DRXY_CEN	user-ykim	2022-01-13
project-G72pFZ04p90bVB6FP1fYBGBg	002_211222_A01295_0042_AHV5W2DRXY_CEN	user-toutoua	2021-12-24
project-G7XZXV84V1Gkz6QvP41q0pqB	002_220114_A01295_0045_AHV3LVDRXY_CEN	user-sophier	2022-01-17
project-G7XZX5Q4qYVy0K572zgx7kkj	002_220114_A01295_0044_BHV5JFDRXY_MYE	user-sophier	2022-01-17
project-G7YxPgj4zGvQJZ6f4Q2f1P8x	002_220117_A01295_0046_BHV75KDRXY_MYE	user-sophier	2022-01-19
project-FvPFV6j4kKF59xG10z6P83Qg	002_170809_170811_NS500192	user-ykim	2020-07-27
project-Fx349YQ4jJVkGVgZ3f9gpVYx	002_141201_141204_NS500192	user-ykim	2020-08-26
project-G5fbQbQ4V0ZjP5pjJx92zv8Z	002_211014_A01295_0031_AHL3MFDRXY_TWE	user-aishadahir	2021-10-18
project-G7j18X848QGpbq411BkY2Byp	002_220121_A01295_0047_AHV3LWDRXY_MYE	user-aishadahir	2022-01-25
project-G6BQjgj4XzJvbF7FBGGz2QQx	002_211115_A01295_0035_AHMYGGDRXY_CEN	user-ykim	2021-11-17
project-G5JK24Q4XbxBgpxGPVjg7y3Q	002_210929_A01303_0026_AHKNTNDRXY_TWE	user-sophier	2021-10-04
project-G7v1K704QZ4GXXzfBBpBKQxz	002_220128_A01295_0049_AHV3VYDRXY_MYE	user-jethror1	2022-01-31
project-G7x81V84pVbQ74k5Bb3Qv6g8	002_220128_M03595_0366_000000000-K6YM9_SNP	user-kjwinfield	2022-02-02
project-Fv2p2K84Q23PVxvB6Qk01xZp	002_150325_150327_NS500192	user-garnerm	2020-07-08
project-G6k20KQ4793jp8xG4FxxJ451	002_211208_M03595_0359_000000000-K2GBP_CP	user-ykim	2021-12-09
project-G7vj1f84qypzVg4pPfG3gJ1Y	002_211221_M03595_0361_000000000-K67BF_CP	user-garnerm	2022-02-01
project-G7xGk60408y4p1747VvfKJgv	003_220202_eggd_vcf_handler_for_uranus_2.5.2_testing	user-jethror1	2022-02-02
project-G7gyq3Q4b6bzZvZFPX0PgqQp	003_220125_CodeSchool	user-toutoua	2022-01-25
project-G7bKJY84x5Vzq10qJ952bV6Z	003_220120_A01303_0056_BHWYVFDRXY_TSO500	user-spaul4	2022-01-21
project-G7Zf2pQ42Kb9KKzf4Pk1X8z1	003_220120_cellbase	user-aishadahir	2022-01-20
project-G62PfJ847xXYGQ1q81Py9Y2y	003_211027_M03595_0355_000000000-K2GCB_SNP	user-ccharalambous	2021-11-05
project-Fpj2YK842X8b74vp8qKZB035	003_200504_Jethro	user-jethror1	2020-05-04
project-G6fzBJ841ZGGyK5971y4kxq4	003_211130_M03595_0358_000000000-K2GD2_SNP	user-ccharalambous	2021-12-06
project-G6XG2QQ42XZX1KFzBB3yxfBJ	003_211129_211105_A01303_0038_AHLCFLDRXY_MYE	user-jethror1	2021-11-29
project-G6JbxqQ4x6Q13f4BF5zvxK6V	003_211118_M03595_0357_000000000-K2GCM_SNP	user-ccharalambous	2021-11-22
project-Fpvp9V04KB7xJYFqFJjXx7X9	003_200511_SNPGenotyping	user-ccharalambous	2020-05-11
project-G61z62j49B5BZbP2GpF0184y	003_211104_ngs-germlne-eqa-2021	user-garnerm	2021-11-04
project-G5v21VQ42yf86zjvGkPyKbj0	003_211026_Test_data_for_TelomereCat	user-jwahn	2021-10-26
project-Fv0vJb841q11Qz6F83fYGj48	003_200703_Laura_Wood_MSc_coverage_data	user-jethror1	2020-07-05
project-Fy7Jbfj40qQ80zf83PG9G2qK	003_201020_dx_monitoring_testing	user-jethror1	2020-10-20
project-G2zb2Y047g9KJQ990xFK59Vx	002_210604_K00178_0330_BHLK5HBBXY_MYE	user-ccharalambous	2021-06-08
project-Fx8GYPj4v4B2fQgg1Kq6bbx5	003_200404_WGS_Puberty_Data	user-jwahn	2020-09-03
project-G4XJ4Gj4Q0xZB93VGJ2K5Bjj	 003_210819_A01303_0019_AH7HVCDRXY_MYE	user-ccharalambous	2021-08-24
project-Fv2gqv04kxV0QZgY3gZ1VG0P	003_200708_Coverage_Reports_dev	user-jethror1	2020-07-08
project-G00jP9Q4Y6gZjb4XP5Z0668X	003_200115_ga_igv_dev_data	user-jethror1	2021-01-15
project-G3vZVg04GyvpbGP00GjX89X5	003_pon_removed_sentieon	user-ccharalambous	2021-07-22
project-G3jg1Gj40xP6QP5q34B1QzK5	003_210716_updaterunfolders	user-jay_miles	2021-07-16
project-G3Z5Gg84817z80j9KVYfbyYX	003_200709_Dias38-Zetta	user-garnerm	2021-07-09
project-FxXPF5Q4Bjkb1fKKPZf598Gq	003_200918_Archive	user-jwahn	2020-09-18
project-FkgzfQj41qx947X4PK46VZ0Z	003_200316_DiasValidation	user-jwahn	2020-03-16
project-Fkj26kj4YB1GkZzQ3gPgzjP4	003_200313_CheckNA12878	user-jwahn	2020-03-17
project-FkkYzz842vq633kP8YkjQg62	003_200319_ReRunPicard	user-jwahn	2020-03-19
project-FkyzZkQ4pPv6pg2f5GXvvzp4	003_200327_BCL2FASTQ_2.17_2.19	user-jwahn	2020-03-27
project-FkxxQXQ49yb28qz5J0959p71	003_200306_K00178_0254_AHGGF7BBXY	user-jwahn	2020-03-25
project-Fp29FJ84q2Bk74qz73885vQB	003_200401_nirvana2vcf	user-garnerm	2020-04-01
project-Fp2zVZ04qz9pX61X8fpYVvPb	003_191212_Myeloid	user-ykim	2020-04-02
project-Fp46gF84qBzf2QgZGXzXFP9z	003_200404_PicardQC_App_Dev	user-jwahn	2020-04-04
project-Fp6BqPj48BQXy4pxGQfKKyfQ	003_200407_Sentieon_applet_test_201808.08	user-jwahn	2020-04-07
project-Fp6v51j4Q0B35P1X2QFPF6XJ	003_200408_Mutect2	user-jwahn	2020-04-08
project-FpYQyf84kZPP69325G4BzZjf	003_200427_update_runfolders	user-garnerm	2020-04-27
project-FkxxV104p9pfPG1f8z44v05B	003_200306_K00178_0255_BHGGH5BBXY	user-jwahn	2020-03-25
project-FpFXJ7Q4yjFQVkB8KzPQ494j	003_200415_DiasWorkflow	user-garnerm	2020-04-15
project-FpfZJY04gGq2q0j8JYfV40F2	003_200502_NirvanaUpdate	user-garnerm	2020-05-02
project-FpZjJ8j42Bbj1YgFGjyx2z69	003_200429_vcf2xls_validation	user-ykim	2020-04-29
project-Fp2kj7Q4ZYJFz0vKFvbBq08Q	003_200403_vcf2xlsnirvana	user-garnerm	2020-04-02
project-Fq16v8Q4XPg8pz98KzGX3XgF	003_200518_vcf2xls_validation	user-ykim	2020-05-18
project-Fq1xjzj46JFv18xv1kXp29Gj	003_200519_dias_ss_test	user-garnerm	2020-05-19
project-Fq3G3Qj42qG3xQxq2Y9444GK	003_200521_dias_workflow_testing	user-garnerm	2020-05-21
project-Fq60fgj47X04jb4kPZXFvZGq	003_200525_inheritedcancer	user-garnerm	2020-05-25
project-FpG6p8j4ZY3X4KGQB9KK5zZf	003_200416_SentieonPicardMultiQC	user-pyattc	2020-04-16
project-Fq6QvGj4q3K30K5q6ZJ1qJB9	003_200526_dias_workflow_testing	user-garnerm	2020-05-26
project-Fq3pgXQ471XbXB7v7Fqk2vxV	003_200522_vcf2xls_testing	user-garnerm	2020-05-22
project-FqVjXPj40yYy1qj6K94KGBY4	003_200612_SentieonCustomAppExamples	user-jwahn	2020-06-12
project-Fv1Vzkj40qBfq0v38p7q50v8	003_200706_HGMD_2020.2	user-jwahn	2020-07-06
project-Fqkf7PQ41qv0YZ8G0KpqVGXF	003_200624_Nirvana_app_update	user-ykim	2020-06-24
project-Fvz8G904zZYYf1F19VZ4x4xx	003_200820_vcf2xls_1.2.2	user-ykim	2020-08-20
project-Fx3q4q84yjpf52Zv5f9y3GpB	003_200827_200812_M03595_0294_000000000-J4NWJ	user-garnerm	2020-08-27
project-Fx38X7j4P0zgKk5B3f9kZvPg	003_200826_dias-1.3.0	user-garnerm	2020-08-26
project-Fx4KkX04y758fG2VKPP7q9Qv	003_200828_dias-1.3.0	user-garnerm	2020-08-28
project-Fx76PbQ4p4Y7FV9f6qyk1bJ4	003_200901_STAR_apps	user-jwahn	2020-09-01
project-Fx548G04xkjk3Q4Z5g4GFpx6	003_200829_dias-1.3.0	user-garnerm	2020-08-29
project-Fx7vpkj4747Zf8Qy4gXQ7JfG	003_200902_dias-1.3.1	user-garnerm	2020-09-02
project-Fx8GQVQ4k0zj97GZBp3Gppvv	003_200212_Sentieon_Validation	user-jwahn	2020-09-03
project-FxVY6kQ40ygYkyJg5g1xpv6p	003_200917_iva_upload-1.0.0	user-ykim	2020-09-17
project-FxZvVvj4kqGVkFVkKF4k55jg	003_200922_vcf2xls-v1.2.4	user-ykim	2020-09-22
project-Fxb1fpj47BxGzZgYGZ5FVBg1	003_200914_M03595_0298_000000000-J6YM5	user-toutoua	2020-09-22
project-G2bv6k84Q2fFV5fp1vVFYV49	002_210518_K00178_0328_BHLFJ3BBXY_MYE	user-ccharalambous	2021-05-24
project-FxQ87Q04XGf2Fv572p26yG48	003_200915_dias-1.4.0	user-ykim	2020-09-15
project-Fx7764841qjZ2Yq57X33zPZP	003_200901_Marsden_RNA	user-jwahn	2020-09-01
project-Fy8kBq04pzyX2vZGPq5KF8bq	003_201022_dias_config_201022	user-ykim	2020-10-22
project-FyVFXk84qFkKg9zQ9GxX68gJ	003_201104_dias_single_workflow-v1.0.0	user-ykim	2020-11-04
project-FyGfpKj49Z82GqX157jkKv0g	003_201028_bam2fqs-v1.0.2	user-ykim	2020-10-28
project-Fyk5fFj4k39bz4vZ050qBQ1x	003_201116_dias_batch_running-v1.4.1	user-ykim	2020-11-16
project-G07zKb84zQV4g7242P010Qxv	003_210126_novaseq_dias	user-aishadahir	2021-01-26
project-G18J7j04fy6jgz3937gJ9JfG	002_210312_K00178_0315_AHL5GMBBXY2_MYE	user-ccharalambous	2021-03-16
project-G1pjbvQ4J1FKKV178J4j74Vk	002_210401_K00178_0321_AHLFKYBBXY_MYE	user-ccharalambous	2021-04-13
project-G1VX7204Fzb4Zpx7PFqQyPK1	003_210330_Snpsift_testing	user-ccharalambous	2021-03-30
project-G21BGP84q5JFYf168QjZ58Vz	003_210423_Uranus_Update_v1.3	user-ccharalambous	2021-04-23
project-G0Yx5vQ470pPkJyj3Fg4K8KP	003_210213_DeepVariant	user-garnerm	2021-02-13
project-Fz4Q15Q42Z9YjYk110b3vGYQ	003_201203_HGMD_2020.3	user-jwahn	2020-12-03
project-FyY7gJ844pFkXfBP96784k7q	003_201107_Twist_WES_Run1	user-garnerm	2020-11-07
project-FyZQk7j409P7QBB52FJ5F9qY	003_201109_eqa	user-jethror1	2020-11-09
project-Fy9G62Q4gk5784zB9xPpVFJ1	001_Monitoring	user-garnerm	2020-10-23
project-Fx33f5j4p6Jk5VK43fk77z2Y	003_200826_kasp-validation	user-garnerm	2020-08-26
project-Fy8kY284VGJK9ZBP3G7150Fv	003_201022_update_runfolders_v1.0.2	user-ykim	2020-10-22
project-FqbVv0Q4Y1bQKp69583VJjG3	003_200618_multi-fastqc	user-garnerm	2020-06-18
project-Fv67GK84pq1b0YZVKBYBy5JZ	003_200514_M03595_0280_000000000-J3P4D_snp_genotpying	user-garnerm	2020-07-13
project-Fq9zb4j4BKF4GBz40VqzXFf3	003_200507_K00178_0260_BHGGCGBBXY_clinicalgenetics_FAILED	user-garnerm	2020-05-31
project-Fv1bbG04Y8pJvx316GfyxGXF	003_200706_NxC_Nirvana	user-garnerm	2020-07-06
project-Fv25zJQ47Yg1gkFY9J2z9Pj0	003_200707_IC-Run3	user-garnerm	2020-07-07
project-Fv260b84XYbxvx316GfyzYkv	003_200707_IC-Run2	user-garnerm	2020-07-07
project-Fv261Y84KK69B4B78X3bpVK8	003_200707_IC-Run1	user-garnerm	2020-07-07
project-FqkKxFQ468jx1Yx65X02556J	003_200624_dias_batch_v1.2.3	user-garnerm	2020-06-24
project-Fqjppfj4kfy4k1P58fJ8G4kX	003_200623_multihappy	user-garnerm	2020-06-23
project-Fqk3fpQ49z5xyGy7KV39KFGG	003_200623_dias_batch_v1.2.2	user-garnerm	2020-06-23
project-Fqk5kB84bkk2Xb6g858pj25v	003_200623_update_runfolders_1.0.1	user-garnerm	2020-06-23
project-FqbQqf0410Fx6fjzPx7GB79F	003_200618_vcf2xls_nirvana_1.1.2	user-garnerm	2020-06-18
project-FpzvQf845Fbf15fqP583yyyB	003_200516_vcf2xls	user-garnerm	2020-05-16
project-Fp6jkV047929F85J44Zz2ZjP	003_200408_AppletSupport	user-jwahn	2020-04-08
